id,first_name,last_name,email,gender,ip_address
1,Niko,McKendry,nmckendry0@wiley.com,Male,194.208.175.43
2,Marlane,Bickers,mbickers1@squarespace.com,Female,167.135.67.23
3,Brnaba,Peert,bpeert2@chron.com,Male,225.76.8.240
4,Thedrick,Rime,trime3@pbs.org,Male,64.21.9.174
5,Frants,Cowderoy,fcowderoy4@networksolutions.com,Male,110.165.144.250
6,Eran,Bernardeschi,ebernardeschi5@nature.com,Female,8.81.253.130
7,Luigi,Waplinton,lwaplinton6@smugmug.com,Male,43.255.35.219
8,Tabby,MacCaffrey,tmaccaffrey7@rakuten.co.jp,Male,145.159.182.156
9,Olga,Hearmon,ohearmon8@oracle.com,Female,69.9.242.185
10,Pansie,Haslehurst,phaslehurst9@rambler.ru,Female,217.78.60.9
11,Glyn,Behnke,gbehnkea@disqus.com,Male,172.164.36.213
12,Rubi,Sleany,rsleanyb@nps.gov,Female,254.251.233.24
13,Ashien,Dunsford,adunsfordc@cornell.edu,Female,161.108.24.145
14,Darline,Kitteridge,dkitteridged@themeforest.net,Female,230.132.211.192
15,Patten,Peffer,ppeffere@parallels.com,Male,40.128.240.140
16,Brittne,Works,bworksf@google.co.uk,Female,4.36.184.43
17,Arte,Myford,amyfordg@shop-pro.jp,Male,235.70.125.159
18,Pierson,Nodes,pnodesh@mlb.com,Male,201.0.105.130
19,Lucky,Bonsul,lbonsuli@live.com,Female,206.70.199.141
20,Ardis,Spours,aspoursj@plala.or.jp,Female,192.219.113.223
21,Ermin,Suddell,esuddellk@drupal.org,Male,152.187.206.205
22,Quintus,Blackburne,qblackburnel@microsoft.com,Male,66.26.135.148
23,Fredia,Lunt,fluntm@thetimes.co.uk,Female,56.4.50.146
24,Patricio,Bothe,pbothen@cloudflare.com,Male,156.129.203.233
25,Dee dee,Skipworth,dskipwortho@shinystat.com,Female,178.193.114.109
26,Bucky,Disney,bdisneyp@wufoo.com,Male,152.145.130.187
27,Meade,Sapwell,msapwellq@diigo.com,Female,202.121.240.165
28,Yance,Margerrison,ymargerrisonr@earthlink.net,Male,151.27.15.207
29,Jolene,Marcoolyn,jmarcoolyns@canalblog.com,Female,65.84.232.162
30,Leslie,Thies,lthiest@fastcompany.com,Female,230.83.109.91
31,Hercules,Gregorin,hgregorinu@dot.gov,Male,20.179.125.195
32,Letitia,Naden,lnadenv@ca.gov,Female,88.246.227.155
33,Jed,Niave,jniavew@dell.com,Male,193.112.187.2
34,Margarita,Arrandale,marrandalex@yale.edu,Female,71.208.65.87
35,Sinclare,Leet,sleety@time.com,Male,107.167.83.38
36,Nadean,Moorcraft,nmoorcraftz@gravatar.com,Female,225.11.170.2
37,Vilhelmina,Meaddowcroft,vmeaddowcroft10@bbb.org,Female,174.2.56.118
38,Steffie,Sebire,ssebire11@google.co.jp,Female,158.187.231.135
39,Titos,Rickaert,trickaert12@ftc.gov,Male,163.48.117.11
40,Cyrill,Durtnal,cdurtnal13@topsy.com,Male,188.79.2.212
41,Athene,Mc Gee,amcgee14@amazonaws.com,Female,192.48.140.59
42,Estrella,Rude,erude15@tripod.com,Female,70.49.187.234
43,Audre,Echallier,aechallier16@chicagotribune.com,Female,251.248.197.134
44,Donni,Dawidowitz,ddawidowitz17@ox.ac.uk,Female,171.173.16.73
45,Keelia,Bocock,kbocock18@cbc.ca,Female,119.91.109.33
46,Jorge,Lovemore,jlovemore19@guardian.co.uk,Male,7.74.107.228
47,Emelita,Matisoff,ematisoff1a@rediff.com,Female,14.105.121.64
48,Floris,Halesworth,fhalesworth1b@businessinsider.com,Female,67.148.112.233
49,Burnaby,Oguz,boguz1c@chicagotribune.com,Male,227.233.147.129
50,Anastasie,Laraway,alaraway1d@infoseek.co.jp,Female,157.106.32.38
51,Alexandro,Fewless,afewless1e@rediff.com,Male,216.68.73.194
52,Lucie,Claxson,lclaxson1f@ed.gov,Female,1.85.146.177
53,Davita,Bloys,dbloys1g@epa.gov,Female,84.143.62.121
54,Correy,Elderidge,celderidge1h@prnewswire.com,Female,196.128.189.45
55,Filberto,Glaserman,fglaserman1i@pbs.org,Male,218.23.149.66
56,Shanta,Moretto,smoretto1j@moonfruit.com,Female,190.126.224.199
57,Kalindi,Galton,kgalton1k@go.com,Female,97.205.5.18
58,Clayborn,Marushak,cmarushak1l@typepad.com,Male,91.17.176.245
59,Nikkie,Ewenson,newenson1m@woothemes.com,Female,201.111.236.75
60,Yuri,Hutchinges,yhutchinges1n@simplemachines.org,Male,64.21.39.154
61,Arlyn,Pavlasek,apavlasek1o@ehow.com,Female,222.147.113.196
62,Pennie,Vawton,pvawton1p@google.es,Male,123.78.211.15
63,Clerkclaude,Fellman,cfellman1q@photobucket.com,Male,253.246.191.172
64,Fairfax,Gisbourn,fgisbourn1r@wired.com,Male,232.186.196.41
65,Allsun,Earl,aearl1s@comsenz.com,Female,81.1.140.246
66,Alessandro,Fitzsimon,afitzsimon1t@purevolume.com,Male,219.48.96.18
67,Sammy,Pappi,spappi1u@businessinsider.com,Female,169.102.229.254
68,Kellby,Ledwith,kledwith1v@webnode.com,Male,214.3.6.169
69,Carlie,Oldfield,coldfield1w@apple.com,Female,234.95.6.175
70,Godard,Rabier,grabier1x@youtu.be,Male,165.224.23.58
71,Hirsch,Checchi,hchecchi1y@about.com,Male,202.184.160.239
72,Willetta,Perren,wperren1z@google.co.uk,Female,253.75.92.251
73,Hannis,Duerden,hduerden20@yahoo.co.jp,Female,189.9.113.225
74,Ursa,Loveitt,uloveitt21@jalbum.net,Female,102.40.22.38
75,Roldan,Lampens,rlampens22@slashdot.org,Male,2.188.29.181
76,Tam,Darby,tdarby23@house.gov,Male,25.185.32.217
77,Goldarina,Ahrend,gahrend24@youtu.be,Female,222.167.235.24
78,Ora,Stuchburie,ostuchburie25@ftc.gov,Female,125.248.156.146
79,Reube,Jurkowski,rjurkowski26@e-recht24.de,Male,72.121.150.69
80,Robbie,Skerme,rskerme27@nationalgeographic.com,Male,37.88.40.118
81,Willie,MacArthur,wmacarthur28@weibo.com,Male,58.83.32.158
82,Maryanne,Rowter,mrowter29@imgur.com,Female,150.80.141.27
83,Diane,Steanyng,dsteanyng2a@dell.com,Female,6.100.217.121
84,Fayette,Gealy,fgealy2b@ebay.co.uk,Female,212.202.37.80
85,Selinda,Jeness,sjeness2c@prweb.com,Female,20.149.13.149
86,Cherrita,Kesteven,ckesteven2d@buzzfeed.com,Female,225.206.69.100
87,Tamas,Weekley,tweekley2e@auda.org.au,Male,123.33.46.95
88,Sauveur,Newson,snewson2f@networkadvertising.org,Male,8.251.170.27
89,Quill,Gouly,qgouly2g@cbsnews.com,Male,222.120.219.146
90,Emera,Cruess,ecruess2h@prnewswire.com,Female,28.15.173.221
91,Cosme,Hynam,chynam2i@nytimes.com,Male,4.190.205.187
92,Fayre,Memmory,fmemmory2j@europa.eu,Female,228.24.151.88
93,Terra,Mullin,tmullin2k@imageshack.us,Female,138.82.225.206
94,Teresina,De Luna,tdeluna2l@disqus.com,Female,191.114.247.91
95,Quinn,Furze,qfurze2m@mlb.com,Male,255.83.197.160
96,Vincents,Cammocke,vcammocke2n@discuz.net,Male,4.18.244.40
97,Elizabeth,Herrema,eherrema2o@independent.co.uk,Female,244.245.203.169
98,Emma,Faint,efaint2p@wired.com,Female,15.12.68.64
99,Indira,Hayselden,ihayselden2q@hhs.gov,Female,193.96.56.157
100,Ximenez,Loveredge,xloveredge2r@mit.edu,Male,90.229.1.204
